_id,name,_desc,condition,coin,exp,artistid,sponsorid,num_of_action,num_of_bonus,bonus_exp,bonus_coin,fromdtm,todtm
1494489957935,Love กันจริงจัง,กด Love Video ใดก็ได้ ของศิลปินท่านใดก็ได้ รับไปเลย 50 Coins + 100 Exp,ดู video ของศิลปินที่ชื่นชอบ แล้วกด Love จำนวน 5 คลิป,50,100,,1494388191860,1,0,0,0,2017-05-30 00:00:00,2017-12-31 23:59:00
ACCINFOMISSION,ระบุข้อมูลส่วนตัว,ผู้ใช้งานทำการกรอกข้อมูลส่วนตัวให้ครบ พร้อมรับ 10 Coin,กรอกข้อมูลส่วนตัวให้ครบ รับ Coin ไปเลย,10,0,COMMON,,1,0,0,,2016-10-11 01:23:32,2050-12-31 00:00:00
1494491526872,Share กระหน่ำ,เข้าหน้า media เพื่อดูและแชร์ video ของศิลปินท่านใดก็ได้ จำนวน 5 video รับไปเลย 50 Coins + 100 Exp,ดู video ของศิลปินที่ชื่นชอบ แล้วกด Share จำนวน 5 คลิป,50,100,,1494388191860,1,0,0,0,2017-05-30 00:00:00,2017-12-31 23:59:00
1494751819406,Brainwash Playlist,ฟังเพลง อ่อนแอก็แพ้ไป วนครบ 10 รอบ,ฟังเพลง อ่อนแอก็แพ้ไป วนครบ 10 รอบ,100,100,1492658911689,1494388191860,10,0,0,0,2017-05-14 00:00:00,2017-05-17 00:00:00
1496148896846,อยากรู้จักกัน,มาตอบคำถามเกี่ยวกับคุณ 18 ข้อ,อยากรู้จักคุณจัง มาตอบคำถามรับ coin กับ exp กันเถอะ,100,100,,1494388191860,1,0,0,0,2017-05-30 00:00:00,2017-06-30 23:59:00
1496983202899,Cat Radio Quiz #4,มาตอบคำถามชุดที่ 4 กับคำถาม 4 ข้อเหมือนเคย ตอบถูกหมดรับไปเลย 100 coins! กับ 100 XP!  พิเศษ 10 คนแรกรับไปเลย Coin + XP คูณ 2,คุณรู้จริงเรื่อง Cat Radio แค่ไหน? ภาค 4 !,100,100,,1494911606032,1,10,100,100,2017-06-11 10:00:00,2017-07-01 23:59:00
1497325206822,Loveis Fans Quiz #1,ตอบถูกหมดรับไปเลย 200 coins 200 XP ( 10 คนแรกมีโบนัสด้วยนะจ๊ะ อย่ารอช้า!! ),ใครคิดว่ารู้จริงเรื่องค่ายเลิฟอีส มาตอบคำถาม 5 ข้อนี้กัน!! โอกาสตอบมีรอบเดียว!,200,200,,1495172907091,1,10,100,100,2017-06-13 12:00:00,2017-06-19 23:59:00
1497926686189,Loveis Musical Quiz #1,ทายว่าดนตรีท่อนนี้มาจากเพลงใด ตอบถูกหมด3ข้อรับไปเลย 100 coins 100 XPs  ด่วน! 200 คนเท่านั้น!!!,เมื่อฟังดนตรีท่อนสั้นๆจะรู้ไหมนะว่ามาจากเพลงอะไร :),100,100,,1495172907091,1,0,0,0,2017-06-20 12:00:00,2017-06-25 23:59:00
1498107395489,ฟังเพลงของ ZomMarie ลุ้นรับสิทธิ์ FanSter Date,ฟังเพลงของ ZomMarie ให้ครบ 5 เพลง ลุ้นรับสิทธิ์เป็นผู้โชคดี FanSter Date   with ZomMarie และได้ฟัง ZomMarie ร้องเพลงซิงเกิ้ลใหม่ “ช่วงเวลา” ครั้งแรกก่อนใครที่บูธ FanSter เวลา 14.00น. ในงาน CatFoodival  วันที่ 1 กรกฏาคมนี้   ด่วน!! 500 คนเท่านั้นที่จะเล่น Mission นี้ได้ !!! ช้าหมดอดนะคะ ^^,ฟังเพลงของ ZomMarie ครบ 5 เพลง,100,100,1496144121013,1494388191860,5,0,0,0,2017-06-22 12:00:00,2017-06-28 12:00:00
1498239229913,ฟังเพลงของ NAP A LEAN ลุ้นรับสิทธิ์ FanSter Date,ดู MV หยุดเลยอย่าร้อง ของ NAP A LEAN เพื่อลุ้นเป็นผู้โชคดีได้เดทแบบตัวต่อตัวและเรียนอู้คำเมืองกับ NAP A LEAN ที่บูธ FanSter ในงาน Cat Foodival 1 กค.นี้   จำกัดจำนวนคนเล่น mission นี้แค่ 500 คนเท่านั้น!!  ช้าหมด! อดได้เป็น 1 ใน 10 คนผู้โชคดีที่ได้ FanSter Date กับ NAP A LEAN นะเจ้า :),ดู MV เพลง หยุดเลยอย่าร้อง พร้อมตอบคำถาม,100,100,,1494388191860,1,0,0,0,2017-06-24 12:00:00,2017-06-28 12:00:00
1498802539453,Fanster Quiz Daily #3,ทุกวันเที่ยงตรงเข้ามาตอบคำถาม Fanster Quiz Daily,ทุกวันเที่ยงตรงเข้ามาตอบคำถามกัน มีเพียงหนึ่งข้อ ตอบถูกรับเลย 50 coins 50 XPs ใครไวตอบถูกเร็ว10คนแรกรับโบนัสพิเศษ 100 coins 100 XPs ปล: ความยากจะค่อยๆเพิ่มขึ้นตามวันของสัปดาห์ :),50,50,,1494388191860,1,10,100,100,2017-06-30 12:00:00,2017-07-01 23:59:00
1498820415366,ล่า QR code 1,เตรียมตัวให้พร้อม มองหาป้าย QR ยักษ์ที่จะปรากฎสักจุดในงาน Cat Foodival Scan ทันที รับไปเลย 500 coins,ตามหา QR Code รอบแรกให้เจอเพื่อรับ Coin,500,0,,1494388191860,1,0,0,0,2017-07-01 14:00:00,2017-07-01 14:30:00
1498820712878,ล่า QR code 2,เตรียมตัวให้พร้อม! ห้าโมงสี่สิบห้าวันนี้ที่หน้าเวที Workshop มองหาป้าย QR ยักษ์ที่จะปรากฎสักจุดในงาน Cat Foodival Scan ทันที รับไปเลย 500 coins,ตามหา QR Code รอบที่ 2 ให้เจอเพื่อรับ Coin,500,0,,1494388191860,1,0,0,0,2017-07-01 17:45:00,2017-07-01 19:00:00
1494492390625,ชม content สุดพิเศษ,ไป Unlock Exclusive พร้อมดู Video Exclusive จนจบ 1 clip รับไปเลย 50 Coins + 100 Exp,ดู Video exclusive content จบ 1 clip,50,100,,1494388191860,1,0,0,0,2017-05-30 00:00:00,2017-12-31 23:59:00
1494567834502,ฟังเพลงสุดเพราะจาก LOVEiS,ฟังเพลงจากค่าย LOVEiS จนจบ playlist รับไปเลย 50 coin + 100 exp,ฟังเพลงจากค่าย LOVEiS จนจบ playlist 10 เพลง,50,100,1460952715125,1494388191860,10,0,0,0,2017-05-30 00:00:00,2017-12-31 23:59:00
1496373772993,ฟัง Playlist - คัดเลือกโดยดีเจสอง,มาฟังเพลง 10 เพลงที่คัดเลือกโดยดีเจ สอง พาราด็อก จนจบ playlist ง่ายๆก็ได้ทั้ง coin ทั้ง xp,ฟังเพลง10เพลงที่คัดเลือกโดยดีเจ สอง พาราด็อก จนจบ playlist,50,100,1478771200711,1494911606032,10,0,0,0,2017-06-02 00:00:00,2017-06-30 23:59:00
1494694009623,Check-in at Central Bangna,ง่ายๆ เพียง check-in ที่ central world บน app FanSter พิเศษ 10 คนแรกรับ coin และ XP 2 เท่า ทันที,check-in ที่ central world บน app FanSter,200,100,,1494693587085,1,10,100,200,2017-06-03 11:00:00,2017-06-30 18:00:00
1495627608910,มารู้จักกันให้มากกว่านี้,มาตอบคำถาม 24 คำถาม เพื่อรู้จักกันให้มากกว่านี้ ตอบครบทุกคำถามรับไปเลย 100 coins + 100 Exp,มาตอบคำถาม 24 คำถาม เพื่อรู้จักกันให้มากกว่านี้,100,100,,1494388191860,1,0,0,0,2017-05-24 00:00:00,2017-05-30 00:00:00
1495630391148,ฟังเพลงอ่อนแอก็แพ้ไป เวอร์ชั่นย้อนกลับ 10 รอบ,พบกับเวอร์ชั่นพิเศษของเพลง อ่อนแอก็แพ้ไป ดูสิว่าใครจะแพ้ไปก่อนครบ 10 รอบ ฟังวนไปจ้า,พบกับเวอร์ชั่นพิเศษของเพลง อ่อนแอก็แพ้ไป ดูสิว่าใครจะแพ้ไปก่อนครบ 10 รอบ,100,100,1494997862363,1494388191860,10,0,0,0,2017-05-24 00:00:00,2017-05-30 00:00:00
1495629939569,ฟังเพลงโปรดลงโทษฉัน เวอร์ชั่นย้อนกลับ 10 รอบ,ฟังเพลง โปรดลงโทษ (กระทืบ) ฉัน เวอร์ชั่นพิเศษ ให้ครบ10รอบ นี่ไม่ใช่การลงโทษนะ ฟังวนไปจ้า,ฟังเพลง โปรดลงโทษ (กระทืบ) ฉัน เวอร์ชั่นพิเศษ ให้ครบ10รอบ นี่ไม่ใช่การลงโทษนะ,100,100,1494997862363,1494388191860,10,0,0,0,2017-05-24 00:00:00,2017-05-30 00:00:00
1495171823195,Check-in at Central WestGate,ง่ายๆ เพียง check-in ที่ Central WestGate บน app Fanster จำกัด 100 คนแรกเท่านั้น!! พิเศษ 10 คนแรกรับ coin และ XP 2 เท่า ทันที,เพียง check-in ที่ Central WestGate บน app Fanster จำกัด 100 คนแรกเท่านั้น!!,200,100,,1494693587085,1,10,100,200,2017-06-03 11:00:00,2017-06-30 18:00:00
1496481490140,Check-in ที่ BTS สยาม,แวะไป check-in ที่ BTS สยามแล้วรับไปเลย 100 coins ง่ายมั่กๆ,เดินทางไปหาแฟนอยู่หรือเปล่า แวะไป check-in ที่ BTS สยามกันเถอะ,100,100,,1494388191860,1,0,0,0,2017-06-03 00:00:00,2017-06-10 23:59:00
1497005839901,Cat Radio Quiz #5,มาตอบคำถามชุดที่ 5 กับคำถาม 4 ข้อเหมือนเคย ตอบถูกหมดรับไปเลย 100 coins! กับ 100 XP!   พิเศษ 10 คนแรกรับไปเลย Coin + XP คูณ 2,คุณรู้จริงเรื่อง Cat Radio แค่ไหน? ภาค 5 !,100,100,,1494911606032,1,10,100,100,2017-06-12 10:00:00,2017-07-01 23:59:00
1497336819682,Loveis Fans Quiz #1,ตอบถูกหมดรับไปเลย 200 coins 200 XP ( 10 คนแรกมีโบนัสด้วยนะจ๊ะ อย่ารอช้า!! ),ใครคิดว่ารู้จริงเรื่องค่ายเลิฟอีส มาตอบคำถาม 5 ข้อนี้กัน!! โอกาสตอบมีรอบเดียว!,200,200,,1495172907091,1,10,100,100,2017-06-13 16:00:00,2017-06-19 23:59:00
1498118444341,BoydKo Musical Quiz #1,ฟังท่อนสั้นๆของเพลงแล้วทายว่ามาจากเพลงอะไร ทายถูกหมดรับไปเลย 100 coins 100 XPs รีบเล่นด่วน เพราะ Mission นี้จำกัดจำนวนคนเล่นแค่ 200 คนเท่านั้น!  พิเศษ! 10 คนแรกที่ทำ mission สำเร็จจะได้รับโบนัสอีก 100 coins 100 XPs ด้วย :),ท่อนสั้นๆนั้นมาจากเพลงอะไร? ตอบถูกรับไปเลยทั้ง coin ทั้ง xp,100,100,,1495172907091,1,10,100,100,2017-06-22 18:00:00,2017-06-29 11:59:00
1498212249886,ดู MV เพลง ก่อนฤดูฝน แล้วตอบคำถาม,ดู MV แล้วตอบคำถามลุ้นเป็นผู้โชคดี 10 ท่านที่จะได้ฟัง The Toys สอนแรพที่บูธแฟนสเตอร์ในงานCat Foodival วันที่1 กค. เวลา 15:00 หรือชิงโชครับCDซิงเกิ้ลเพลง ก่อนฤดูฝน พร้อมลายเซ็น 5 รางวัล!,ตอบคำถามเกี่ยวกับ MV ได้ทั้ง coin & xp แถมยังลุ้นรับรางวัลจาก The Toys อีกด้วย!,100,100,,1498211387588,1,0,0,0,2017-06-23 19:00:00,2017-06-28 12:00:00
1498708056774,Fanster Quiz Daily #2,ทุกวันเที่ยงตรงเข้ามาตอบคำถาม Fanster Quiz Daily,ทุกวันเที่ยงตรงเข้ามาตอบคำถามกัน มีเพียงหนึ่งข้อ ตอบถูกรับเลย 50 coins 50 XPs ใครไวตอบถูกเร็ว10คนแรกรับโบนัสพิเศษ 100 coins 100 XPs ปล: ความยากจะค่อยๆเพิ่มขึ้นตามวันของสัปดาห์ :),50,50,,1494388191860,1,10,100,100,2017-06-29 12:00:00,2017-06-30 11:59:00
1498807524093,Fanster Quiz Daily #4,ทุกวันเที่ยงตรงเข้ามาตอบคำถามกัน มีเพียงหนึ่งข้อ ตอบถูกรับเลย 50 coins 50 XPs ใครไวตอบถูกเร็ว10คนแรกรับโบนัสพิเศษ 100 coins 100 XPs ปล: ความยากจะค่อยๆเพิ่มขึ้นตามวันของสัปดาห์ :),ทุกวันเที่ยงตรงเข้ามาตอบคำถาม Fanster Quiz Daily,50,50,,1494388191860,1,10,100,100,2017-07-01 12:00:00,2017-07-02 11:59:00
1494931316120,ฟังเพลง โปรดลงโทษ (กระทืบ) ฉัน 10 รอบ,ฟัง brainwash playlist เพลง โปรดลงโทษ (กระทืบ) ฉัน 10 รอบ,ฟัง brainwash playlist เพลง โปรดลงโทษ (กระทืบ) ฉัน 10 รอบ,100,100,1494928615959,1494388191860,10,0,0,0,2017-05-16 00:00:00,2017-05-31 00:00:00
1494693840618,Check-in at Central World,ง่ายๆ เพียง check-in ที่ central world บน app FanSter พิเศษ 10 คนแรกรับ coin และ XP 2 เท่า ทันที,check-in ที่ central world บน app FanSter,200,100,,1494693587085,1,10,100,200,2017-05-30 00:00:00,2017-06-30 23:59:00
1494492691789,แลกของรางวัล ทันใจ,แลกของรางวัลเพียงแค่ 1 ครั้งก็รับไปเลย 50 Coins + 100 Exp,นำ coin มา redeem reward อะไรก็ได้ แล้วรับ coin เป็นรางวัลทันที,50,100,,1494388191860,1,0,0,0,2017-05-11 00:00:00,2017-05-30 00:00:00
1496665430017,บุกครัวบ้าน วี วิโอเล็ต แล้วตอบคำถามให้ถูก!!,ตั้งใจดูดีๆนะ เพราะส่งคำตอบได้แค่ครั้งเดียวเท่านั้น!!! ตอบถูกหมดรับไปเลย 200 coins กับ 200 XP,ดูคลิปบุกครัวบ้านวี วิโอเล็ต แล้วตอบคำถาม ด่วน 200 คนเท่านั้น!,200,200,,1494911606032,1,0,0,0,2017-06-05 00:00:00,2017-06-30 23:59:00
1496977386543,Cat Radio Quiz #2,มาตอบคำถามชุดที่ 2 กันอีก4ข้อ ตอบถูกหมดรับไปเลย 100 coins! กับ 100 XP!  พิเศษ 10 คนแรกรับไปเลย Coin + XP คูณ 2,คุณรู้จริงเรื่อง Cat Radio แค่ไหน? ภาค 2 ! ย้ำอีกครั้ง โอกาสตอบมีเพียงครั้งเดียวเท่านั้น!,100,100,,1494911606032,1,10,100,100,2017-06-09 00:00:00,2017-07-01 23:59:00
1497026488330,ฟังเพลงใหม่จาก FanSter Stars!,ฟังก่อนได้ Coin ก่อน จำกัดแค่ 500 คนเท่านั้น! ฟังช้าระวัง Mission Ended ก่อนไม่รู้นะ :),ฟัง playlist เพลงใหม่ศิลปินแฟนสเตอร์ 5 คน 5 เพลง รับไปเลย 100 Coin 100 XP!!,100,100,1460952715109,1494388191860,5,0,0,0,2017-06-10 08:00:00,2017-06-17 00:00:00
1497496302604,ชวนเพื่อนมารู้จักแฟน,ชวนเพื่อน 2 คนมาเล่น FanSter แล้วแจ้งชื่อใน Facebook ของเพื่อนให้เราทราบ (ระวังอย่าสะกดผิดนะ) แค่นั้นก็ได้สิทธิลุ้นรับรางวัลนั่งฟังรายการสดๆในห้องส่งกับดีเจจูนจูนและวีวี และผ้ากันเปื้อน FanSter Cat Foodival อีก 20 รางวัลด้วย  ประกาศผลผู้โชคดี วันอาทิตย์ที่ 18 มิย. หกโมงเย็น - ผู้โชคดีที่ได้นั่งฟังรายการคนขอแมวสดๆในห้องจัด 30 นาทีกับดีเจจูนจูนและวีวี วันศุกร์ที่ 30 มิย. ตอนเที่ยง - ผู้โชคดีที่ได้รับผ้ากันเปื้อน FanSter Cat Foodival  ปล : เพื่อนทั้ง2ที่ชวนมาจะต้องเข้าใช้ FanSter ผ่าน login with Facebook ก่อนวันประกาศผลด้วยนะ คุณจึงจะมีสิทธิ์ลุ้นรับรางวัล,ชวนเพื่อนมาเล่น FanSter  แล้วลุ้นรับรางวัล,100,100,,1494388191860,1,0,0,0,2017-06-15 10:00:00,2017-06-23 18:00:00
1497691088373,ดูจูนจูนและสอง พาราด็อกซ์บุกครัว O'CHIX แล้วตอบคำถาม,ตั้งใจดูให้ดี ตอบคำถามได้แค่ครั้งเดียวเท่านั้นนะ,ดูคลิปแล้วตอบคำถาม ถูกหมดรับไปเลย 200 coins 200 XP!,200,200,,1494911606032,1,0,0,0,2017-06-17 00:00:00,2017-06-25 00:00:00
1498449903708,ฟังเพลงของ MEAN ลุ้นรับสิทธิ์ Fanster Date,ลุ้นรับสิทธิ์ FanSter Date แล้วตอบคำถาม เพื่อลุ้นแลกเป็นผู้โชคดีที่ได้ FanSter Date และฟังเพลงอ่อนแอก็แพ้ไป ในแบบอะคูลสติกสดๆ ที่บูธ FanSter ในงาน Cat Foodival 1 กค.นี้   จำกัดจำนวนคนเล่น mission นี้แค่ 500 คนเท่านั้น!   ช้าหมด! ระวังอดได้เป็น 1 ใน 10 คนผู้โชคดีที่ได้ FanSter Date กับ MEAN นะคะ :),ดู MV เพลง อ่อนแอก็แพ้ไป พร้อมตอบคำถาม,100,100,,1494388191860,1,0,0,0,2017-06-26 12:00:00,2017-06-29 12:00:00
1498557652153,ฟังเพลงของ TELEx TELEXs ลุ้นรับสิทธิ์ FanSter Date,ดู MV ของ TELEx TELEXs ทุก MV ใน playlist เพื่อลุ้นมา FanSter date with TELEx TELEXs ที่บูธ FanSter ในงาน Cat Foodival 1 กค.นี้ เวลา 16.00 น.   ด่วน! จำกัดจำนวนคนเล่น Mission นี้แค่ 200 คนเท่านั้น!!,ฟังเพลงของ TELEx TELEXs ครบทุกเพลงลุ้นรับสิทธิ์ FanSter Date,100,100,1495186665305,1494388191860,5,0,0,0,2017-06-27 16:00:00,2017-06-29 12:00:00
1498935570803,แชร์ Moment ฟินๆ ให้แฟนๆ,โหวต Moment ที่ชอบ แล้วไปเลือกคลิปหรือรูปจาก Page FanSter แชร์ พร้อม tag เพื่อนๆ,ชอบ Moment ไหน? โหวดเลย :),300,0,,1494388191860,1,0,0,0,2017-07-02 08:00:00,2017-07-04 23:59:00
1499054367931,Fanster Quiz Daily 6,ทุกวันเที่ยงตรงเข้ามาตอบคำถาม Fanster Quiz Daily,ทุกวันเที่ยงตรงเข้ามาตอบคำถามกัน มีเพียงหนึ่งข้อ ตอบถูกรับเลย 50 coins 50 XPs ใครไวตอบถูกเร็ว10คนแรกรับโบนัสพิเศษ 100 coins 100 XPs ปล: ความยากจะค่อยๆเพิ่มขึ้นตามวันของสัปดาห์ :),50,50,,1494388191860,1,10,100,100,2017-07-03 11:59:00,2017-07-04 11:59:00
1498481977332,ฟังเพลงของ INK และ EARTH ลุ้นรับสิทธิ์ FanSter Date With,ฟังเพลงของ INK และ Earth แล้วตอบคำถามเพื่อรับสิทธิชิงโชค FanSter Date With INK และ EARTH ที่บูธ FanSter ในงาน Cat Footival เวลา 14.30 น. จำนวน 5 ท่าน หรือ ลุ้นรับ ของที่ระลึกจาก INK และ EARTH จำนวน 3 รางวัล,ฟังเพลงของ INK และ Earth แล้วตอบคำถาม  ***MISSION ENDED*** มีผู้เล่นครบจำนวนแล้ว ไว้สนุกกันใหม่ใน Mission หน้านะ,100,100,,1494388191860,1,0,0,0,2017-06-26 20:00:00,2017-07-02 15:00:00
1499412127883,คนขี้แย,ทุกเที่ยงวันมาเล่นกันนะ 10 คนแรกที่ตอบถูกและไว รับโบนัสพิเศษไปเลย 100 coins และ 100 XPs,คนขี้แยเกี่ยวอะไรกับ Quiz กันนะ อยากรู้ต้องเข้ามาเล่น :),50,50,,1494388191860,1,10,100,100,2017-07-09 11:59:00,2017-07-10 11:59:00
1499759487242,ส่องกีต้าร์,ทุกเที่ยงวันมาเล่นกันนะ 10 คนแรกที่ตอบถูกและไว รับโบนัสพิเศษไปเลย 100 coins และ 100 XPs,มาส่องกีต้าร์หาคำตอบกันเถอะ :),50,50,,1494388191860,1,10,100,100,2017-07-12 11:59:00,2017-07-13 11:59:00
1495263809451,Check-in at Central Embassy,ง่ายๆ เพียง check-in ที่ Central Embassy บน app Fanster จำกัดจำนวน 100 ท่านแรกเท่านั้น พิเศษ 10 คนแรกรับ coin และ XP 2 เท่า ทันที,ง่ายๆ เพียง check-in ที่ Central Embassy บน app Fanster จำกัดจำนวน 100 ท่านแรกเท่านั้น พิเศษ 10 คนแรกรับ coin และ XP 2 เท่า ทันที,200,100,,1494693587085,1,10,100,200,2017-06-03 11:00:00,2017-06-30 18:00:00
1496481877967,Check-in ที่ BTS พร้อมพงษ์,check-in ที่ BTS พร้อมพงษ์ แล้วรับไปเลย 100 coins,เดินทางก็สะดวก แถมได้ coins อีก เพียง check-in ที่ BTS พร้อมพงษ์เท่านั้น!,100,100,,1494388191860,1,0,0,0,2017-06-03 00:00:00,2017-06-10 23:59:00
1496899786506,Cat Radio Quiz,มาตอบคำถามชุดแรกแค่ 4 ข้อ ตอบถูกหมดรับไปเลย 100 coins! 100 XP!  พิเศษ 10 คนแรก รับ Coin & XP คูณ 2!!,คุณรู้จริงเรื่อง Cat Radio แค่ไหน? มีโอกาสตอบเพียงแค่ครั้งเดียวเท่านั้น!!,100,100,,1494911606032,1,10,100,100,2017-06-08 00:00:00,2017-07-01 23:59:00
1496982790640,Cat Radio Quiz #3,มาตอบคำถามชุดที่ 3 กันอีก 4 ข้อ ตอบถูกหมดรับไปเลย 100 coins! กับ 100 XP!   พิเศษ 10 คนแรกรับไปเลย Coin + XP คูณ 2,คุณรู้จริงเรื่อง Cat Radio แค่ไหน? ภาค 3 ! โอกาสตอบมีแค่ครั้งเดียวเท่านั้น!!,100,100,,1494911606032,1,10,100,100,2017-06-10 10:00:00,2017-07-01 23:59:00
1497413350499,LOVEiS Quiz #2,แฟนตัวจริงของ LOVEiS มาตอบคำถาม 5 ข้อกัน ตอบถูกหมดรับ 200 coins และ 200 XP  พิเศษ! สำหรับ 100 ท่านแรกจะได้รับโบนัสอีก 100 coins และ 100 XP,กลับมาอีกครั้งกับ LOVEiS Quiz #2 วัดความเป็นแฟนพันธุ์แท้ในตัวคุณ!,200,200,,1495172907091,1,100,100,100,2017-06-14 12:00:00,2017-06-21 12:00:00
1497679550305,เพลงอะไรใน 7 วินาที,คุณตั้งใจฟังเพลงของพี่บอยแค่ไหน ฟังอินโทรแค่ 7 วินาทีคุณบอกได้ไหมว่ามาจากเพลงอะไร ทายถูกหมด 3 เพลงรับไปเลย 100 coins! & 100 xp จำกัดแค่ 500 คนเท่านั้น!   พิเศษ! 10 คนแรกได้ Coin & xp คูณ 2 ด้วยนะ ช้าหมด! อดไม่รู้นะ :),ฟังอินโทรแค่ 7 วินาที คุณบอกได้ไหมว่ามาจากเพลงอะไร? :),100,100,,1495172907091,1,10,100,100,2017-06-17 12:00:00,2017-06-24 23:59:00
1498217706019,ฟังเพลงของ The Jukks ลุ้นรับสิทธิ์ FanSter Date,ดู MV เพลงอยู่คนเดียวขยะ และความเป็นจริง พร้อมตอบคำถาม เพื่อลุ้นมา date กับ The Jukks ที่บูธ FanSter ในงาน Cat Foodival 1 กค.นี้,ตอบคำถามจาก 3 MV ตอบถูกหมดได้ทั้ง coin & xp และลุ้นรับรางวัลจาก The Jukks,100,100,,1494388191860,1,0,0,0,2017-06-23 21:00:00,2017-06-28 12:00:00
1498468567068,ดูดวงตัวต่อตัวกับสองและยิปโซ,ตอบคำถาม 4 ข้อเพื่อแลกรับรางวัลเป็นผู้โชคดีได้ดูดวงแบบตัวต่อตัวกับสอง พาราด็อกซ์ ผู้เคยถูกล็อตเตอรี่ติดกัน 7 งวดมาแล้ว และยิปโซในห้องจัด Cat Radio   *** ผู้โชคดี4ท่านจะได้ไปดูดวงในห้องจัด Cat Radio ในวันพฤหัสบดีที่ 29 มิย. เวลา 22-23:00 ***  โดยรางวัลจะเปิดให้ลุ้นรอบแรกในวันที่ 27 มิย. (21:00 - 22:00 น.) ประกาศผลวันที่ 28 มิย. ตอน 10:00 จำนวน 2 คน  รอบที่ 2 ในวันที่ 28 มิย. (12:00 - 13:00 น.) ประกาศผลวันที่ 28 มิย. ตอน 17:00 จำนวน 2 คน,ตอบคำถามพร้อมลุ้นเป้นผู้โชคดีได้ไปดูดวงกับ สอง พาราด็อกซ์,100,100,,1494388191860,1,0,0,0,2017-06-26 12:00:00,2017-06-28 13:00:00
1498731722807,ร่วมชิงบัตรเบ่ง เพื่อใช้เป็นส่วนลดทุกร้าน,เพียงเข้ามาภายในงาน Cat Foodival แล้ว Scan QR Code ในบูธ FanSter  แล้วเข้าหน้า Reward เพื่อแลกรับบัตรเบ่ง หรือ เพียงแค่ให้ร้านค้าดู Mission Accomplished ก็สามารถลดราคาได้เลย!,ร่วมชิงบัตรเบ่ง เพื่อใช้เป็นส่วนลดทุกร้าน ในงาน CatFoodival วันที่ 1 ก.ค. นี้,0,0,,1494388191860,1,0,0,0,2017-07-01 11:00:00,2017-07-01 23:00:00
1498934818539,รู้หรือไม่ Fanster x Cat Foodival,ตอบคำถามง่ายๆ เกี่ยวกับงานบูธ FanSter แล้วรับไปเลย 100 coins!,รู้ไหมเอ่ย? ถ้ามั่นใจว่ารู้เข้ามาตอบคำถามกันเลย :),100,0,,1494388191860,1,0,0,0,2017-07-02 08:00:00,2017-07-02 23:59:00
1499053091959,ดู MV ใหม่จาก FanSter Star,ดู MV ใหม่ๆจาก FanSter Star รับไปเลย 100 coins 100 xp,มาดู MV ใหม่ๆของ FanSter Star กันเถอะ!,100,100,1496645864615,1494388191860,4,0,0,0,2017-07-03 00:00:00,2017-07-09 23:59:00
1499057881353,เสนอไอเดีย กิจกรรมโดนใจ,ใครมีไอเดียอยากให้ FanSter จัดรางวัลแบบใด กับศิลปินใด เสนอกันเข้ามาเลย รับทันที 100 coins,ใครมีไอเดียอยากให้ FanSter จัดรางวัลแบบใด กับศิลปินใด,100,0,,1494388191860,1,0,0,0,2017-07-03 12:00:00,2017-07-31 23:59:00
1499249638597,FanSter Daily Quiz 9,ทุกเที่ยงวันมาเล่นกันนะ 10 คนแรกที่ตอบถูกและไว รับโบนัสพิเศษไปเลย 100 coins และ 100 XPs,Quiz ฟังซิ เพลงใคร?,50,50,,1494388191860,1,10,100,100,2017-07-06 11:59:00,2017-07-07 11:59:00
1499411677364,รักมาก,ทุกเที่ยงวันมาเล่นกันนะ 10 คนแรกที่ตอบถูกและไว รับโบนัสพิเศษไปเลย 100 coins และ 100 XPs,รักมาก? มากแค่ไหนต้องเข้ามาลองเล่นแล้วล่ะ :),50,50,,1494388191860,1,10,100,100,2017-07-08 11:59:00,2017-07-09 11:59:00
1499914869755,ฟังวนไปค่ะ,มาดู MV ของ Fanster Star กันเถอะ,ดู MV จาก Fanster Star รับไปเลย 100 coins,100,100,1478770652940,1494388191860,3,0,0,0,2017-07-13 12:00:00,2017-07-20 11:59:00
1500007394433,ถามไรตอบได้ : Ten to twelve,ทุกเที่ยงวันมาเล่นกันนะ 10 คนแรกที่ตอบถูกและไว รับโบนัสพิเศษไปเลย 100 coins และ 100 XPs,ทุกเที่ยงวันมาเล่นกันนะ 10 คนแรกที่ตอบถูกและไว,50,50,,1494388191860,1,10,100,100,2017-07-18 12:00:00,2017-07-19 12:00:00
1500107921024,ฟังวนไปค่ะ,ฟัง 3 เพลงใหม่จาก Best Season five และ Musketeers รับไปเลย 100 Coin 100 XP!!,3 เพลงใหม่จาก Best Season five และ Musketeers,100,100,1500006537193,1494388191860,3,0,0,0,2017-07-15 12:00:00,2017-07-22 11:59:00
1500264619979,แฟน...The Toys...ว่าไง,หนุ่มทอยเค้าอยากพาสาวๆไปเดท แต่ไม่รู้จะไปที่ไหนดี ให้แฟนๆ FanSter ช่วยตัดสินใจหน่อยจ้า,ไปเดทที่ไหนกันดีกับหนุ่มทอย The Toys ดีน้าาาาา,100,0,,1494388191860,1,0,0,0,2017-07-18 18:00:00,2017-07-23 23:59:00
1500436707553,แฟนหน้าจอ - คนละชั้น,ฟังกันตั้งแต่ต้นจนจบ ถึงนาทีสุดท้ายของ MV แล้วมาดูว่ามีทั้งหมดกี่ ชั้น,ฟังเพลง คนละชั้น ของเจ้านาย,100,0,,1494388191860,1,0,0,0,2017-07-21 12:00:00,2017-07-22 11:59:00
1500534981974,ฟังวนไปค่ะ :  ฟังไป เดินไป จับมือกันไป,มาฟัง 3 เพลง จากสิงโต นำโชค ชาติ สุชาติ และ KNOT อยากรู้ว่าเป็นเพลงไหนที่จะเดินจับมือกันไปฟังเลย,จะดีมั้ยถ้าฟังแล้วได้เดินจับมือใครไปด้วย,100,100,1460952715117,1494388191860,3,0,0,0,2017-07-20 12:00:00,2017-07-27 11:59:00
1500615069954,รูปใครแว๊,ง้าย ง่าย เนอะ รูปเฮียคนนี้ ว่าแต่เราก็แค่อายุ 24 Choice ให้เลือกก็เฮียเราทุกคน 555      ใครเล่นแล้วแชร์ด้วยพร้อมhashtag #FanSter #รูปใครแว๊ ได้รับ XPพิเศษอีก 100 นะจ๊ะ แจก XP พิเศษ 20 คนแรกเท่านั้น,ดูแล้วประกอบร่างกันดีๆ ว่ารูปที่เห็นคือใคร,50,0,,1494388191860,1,20,100,0,2017-07-23 12:00:00,2017-07-24 11:59:00
1498794383371,ร่วมโหวตร้านในดวงใจ,โหวตร้านในดวงใจเพียง 1 ร้าน ในงาน Cat Foodival ชอบร้านไหน? เลือกเลย! โหวดง่ายๆรับไปเลย 200 Coins! เปิดให้โหวดตั้งแต่ 11:00 - 22:00 เท่านั้น!,ชอบร้านไหน? เลือกเลย!,200,0,,1494388191860,1,0,0,0,2017-07-01 11:00:00,2017-07-01 22:00:00
1498807892460,Fanster Quiz Daily #5,ทุกวันเที่ยงตรงเข้ามาตอบคำถามกัน มีเพียงหนึ่งข้อ ตอบถูกรับเลย 50 coins 50 XPs ใครไวตอบถูกเร็ว10คนแรกรับโบนัสพิเศษ 100 coins 100 XPs ปล: ความยากจะค่อยๆเพิ่มขึ้นตามวันของสัปดาห์ :),ทุกวันเที่ยงตรงเข้ามาตอบคำถาม Fanster Quiz Daily,50,50,,1494388191860,1,10,100,100,2017-07-02 12:00:00,2017-07-03 11:59:00
1498835137497,มารู้จักกัน,แนะนำตัวเบื้องต้น สั้นๆ แค่ 5 คำถาม รับไปเลย 1000 Coin 200 xp!,เราอยากรู้จักเธอให้มากกว่าเดิมจัง มาเล่น Mission นี้กันนะ :),1000,200,,1494388191860,1,0,0,0,2017-07-01 00:00:00,2017-10-31 11:59:00
1496144767898,ชม Trailer สุดเจ๋งของ KAAN SHOW,เพียงชม คลิปตัวอย่าง ของ show สุดอลังการ KAAN SHOW รับไปเลย 50 Coins + 50 Exp,เพียงชม คลิปตัวอย่าง ของ show สุดอลังการ KAAN SHOW,50,50,1496144121013,1494778592339,1,0,0,0,2017-05-30 00:00:00,2017-06-30 23:59:00
1499166831030,Fanster Quiz Daily 8,ทุกเที่ยงวันมาเล่นกันนะ 10 คนแรกที่ตอบถูกและไว รับโบนัสพิเศษไปเลย 100 coins และ 100 XPs,Quiz เหนือเมฆ เหนือแค่ไหนต้องลอง!,50,50,,1494388191860,1,10,100,100,2017-07-05 11:59:00,2017-07-06 11:59:00
1499413027382,เป็นทุกอย่าง,ทุกเที่ยงวันมาเล่นกันนะ 10 คนแรกที่ตอบถูกและไว รับโบนัสพิเศษไปเลย 100 coins และ 100 XPs,เป็นทุกอย่างให้เธอแล้ว~ แม้ว่าเธอไม่เคยเป็นอะไรกับฉันเลย~,50,50,,1494388191860,1,10,100,100,2017-07-10 11:59:00,2017-07-11 11:59:00
1499425254262,เจอบ่อยจัง,ทุกเที่ยงวันมาเล่นกันนะ 10 คนแรกที่ตอบถูกและไว รับโบนัสพิเศษไปเลย 100 coins และ 100 XPs,ใน Quiz จะมีเจออะไรบ่อยนะ?,50,50,,1494388191860,1,10,100,100,2017-07-11 11:59:00,2017-07-12 11:59:00
1499759653359,Solo กันหน่อย,ทุกเที่ยงวันมาเล่นกันนะ 10 คนแรกที่ตอบถูกและไว รับโบนัสพิเศษไปเลย 100 coins และ 100 XPs,คนหูดี ฟังสิ...ว่าท่อนโซโล่นี้เป็นของใคร? ^^,50,50,,1494388191860,1,10,100,100,2017-07-13 11:59:00,2017-07-14 11:59:00
1500006381946,ใครมีดี มา ลองดี กับ Best,ทุกเที่ยงวันมาเล่นกันนะ 10 คนแรกที่ตอบถูกและไว รับโบนัสพิเศษไปเลย 100 coins และ 100 XPs,ทุกเที่ยงวันมาเล่นกันนะ 10 คนแรกที่ตอบถูกและไว,50,50,,1494388191860,1,10,100,100,2017-07-15 12:00:00,2017-07-16 12:00:00
1500027714772,เช็คอินFinเฟ่อร์,กิจกรรมแถวนี้แน่นเนอะ งั้นมา Check-In กันดู ใครCheck-In ถูกที่ ได้ Coins ด้วยนะเออ,สยามดิส สยามเซ็น สยามสแควร์วัน พารากอน โอ้ย...Check-in ตรงไหนดี ไม่ลองไม่รู้ งั้นลองเล่นเลยสิจ๊ะเธอ,100,100,,1494388191860,1,0,0,0,2017-07-15 08:00:00,2017-07-15 23:59:00
1499167427742,หยุดเลยอย่าร้อง,อัพรูปจูงมือคนที่คุณรัก  share แล้วติด hashtag #FanSter รับเลย 500 coins,มาเลียนแบบ MV หยุดเลยอย่าร้อง กันเถอะ ช้าอดหมดอวด ถึง 12 กรกฎาคมเท่านั้นนะ,500,500,,1494388191860,1,0,0,0,2017-07-05 16:00:00,2017-07-12 11:59:00
1500002886304,รู้จัก De Flamingo ดีแค่ไหน,ทุกเที่ยงวันมาเล่นกันนะ 10 คนแรกที่ตอบถูกและไว รับโบนัสพิเศษไปเลย 100 coins และ 100 XPs,ถ้าคิดว่ารู้จริง ต้องพิสูจน์กันหน่อยแล้วล่ะ :),50,50,,1494388191860,1,10,100,100,2017-07-14 12:00:00,2017-07-15 12:00:00
1500006613468,เลขที่ออกคือ : Musketeers,ทุกเที่ยงวันมาเล่นกันนะ 10 คนแรกที่ตอบถูกและไว รับโบนัสพิเศษไปเลย 100 coins และ 100 XPs,ทุกเที่ยงวันมาเล่นกันนะ 10 คนแรกที่ตอบถูกและไว,50,50,,1494388191860,1,10,100,100,2017-07-16 12:00:00,2017-07-17 12:00:00
1496754981866,Flash mission : FanSter จดหมายเด็กแมว quiz,ตอบคำถาม 5 ข้อ ถูกหมดรับไปเลย 500 Coins + 500 XP ด่วน! 200 คนเท่านั้น!!,ตอบคำถาม 5 ข้อ จากรายการจดหมายเด็กแมว,500,500,,1494388191860,1,0,0,0,2017-06-06 22:00:00,2017-06-07 00:00:00
1500374546380,รูปใครแว๊ - มาแต่หู ตา จมูก ปาก,ตอบคำถามง่ายๆ ได้ coin ด้วยนะเออ,ทุกเที่ยงวันมาเล่นกันนะ,50,0,,1494388191860,1,0,0,0,2017-07-19 12:00:00,2017-07-20 11:59:00
1500467694739,TGI Mild day,ดูเอ็มวีทั้ง 4 เพลง ของวง Mild รับเลย 100 coins,ดูเอ็มวีทั้ง 4 เพลง ของวง Mild,100,100,1461319112985,1494388191860,4,0,0,0,2017-07-20 15:00:00,2017-08-07 20:00:00
1498622917004,Fanster Quiz Daily,ทุกวันเที่ยงตรงเข้ามาตอบคำถามFanster Quiz Dailyกัน มีเพียงหนึ่งข้อ ตอบถูกรับไปเลย 50 coins 50 XPs ใครไวตอบถูกเร็ว10คนแรกรับโบนัสพิเศษ 100 coins 100 XPs ปล: ความยากจะค่อยๆเพิ่มขึ้นตามวันของสัปดาห์ :),ทุกวันเที่ยงตรงเข้ามาตอบคำถาม Fanster Quiz Daily,50,50,,1494388191860,1,10,100,100,2017-06-28 12:00:00,2017-06-29 11:59:00
1498799178498,Fanster Quiz Daily 3,ทุกวันเที่ยงตรงเข้ามาตอบคำถาม Fanster Quiz Daily,ทุกวันเที่ยงตรงเข้ามาตอบคำถามกัน มีเพียงหนึ่งข้อ ตอบถูกรับเลย 50 coins 50 XPs ใครไวตอบถูกเร็ว10คนแรกรับโบนัสพิเศษ 100 coins 100 XPs ปล: ความยากจะค่อยๆเพิ่มขึ้นตามวันของสัปดาห์ :),50,50,,1494388191860,1,10,100,100,2017-06-30 12:00:00,2017-07-01 11:59:00
1498820999543,ล่า QR code 4,เตรียมตัวให้พร้อม มองหาป้าย QR ยักษ์ที่จะปรากฎสักจุดในงาน Cat Foodival Scan ทันที รับไปเลย 500 coins,ตามหา QR Code รอบที่ 4 ให้เจอเพื่อรับ Coin,500,0,,1494388191860,1,0,0,0,2017-07-01 20:00:00,2017-07-01 20:30:00
1498820922250,ล่า QR code 3,เตรียมตัวให้พร้อม! หนึ่งทุ่มวันนี้ที่เวที FanSter มองหาป้าย QR ยักษ์ที่จะปรากฎสักจุดในงาน Cat Foodival Scan ทันที รับไปเลย 500 coins,ตามหา QR Code รอบที่ 3 ให้เจอเพื่อรับ Coin,500,0,,1494388191860,1,0,0,0,2017-07-01 19:00:00,2017-07-01 20:00:00
1499057698266,Fanster Quiz Daily 7,ทุกวันเที่ยงตรงเข้ามาตอบคำถาม Fanster Quiz Daily,ทุกวันเที่ยงตรงเข้ามาตอบคำถามกัน มีเพียงหนึ่งข้อ ตอบถูกรับเลย 50 coins 50 XPs ใครไวตอบถูกเร็ว10คนแรกรับโบนัสพิเศษ 100 coins 100 XPs ปล: ความยากจะค่อยๆเพิ่มขึ้นตามวันของสัปดาห์ :),50,50,,1494388191860,1,10,100,100,2017-07-04 11:59:00,2017-07-05 11:59:00
1499249813183,Fanster Quiz Daily 10,Quiz ได้ยินไหม?,ทุกเที่ยงวันมาเล่นกันนะ 10 คนแรกที่ตอบถูกและไว รับโบนัสพิเศษไปเลย 100 coins และ 100 XPs,50,50,,1494388191860,1,10,100,100,2017-07-07 11:59:00,2017-07-08 11:59:00
1499400057846,สโลแกน FanSter,ขอไอเดียหน่อยนะ ถ้าโดนใจทีมงานเข้าอย่างจัง ไม่แน่ อาจจะถูกใช้อย่างเป็นทางการ ใครเสนอเข้ามา รับเลย 100 coins,ใครไอเดียสร้างสรรค์ก็เสนอกันมาได้เลย ให้โอกาสเสนอถึงสิ้นเดือนกันเลยนะจ๊ะ ^^,100,0,,1494388191860,1,0,0,0,2017-07-07 17:00:00,2017-07-31 23:59:00
1499741790670,งด.....เข้าพรรษา,บอกกันหน่อยนะว่าจะงดอะไรดี ถ้าใจดีมาตอบ รับเลย 100 coins ให้โอกาสแค่ 3 วัน เท่านั้นนะจ๊ะ,FanSter ชวนคุณงด.........เข้าพรรษา,100,0,,1494388191860,1,0,0,0,2017-07-11 00:00:00,2017-07-13 17:00:00
1499766788892,คนอวดรูป ตอน ก่อนฤดูฝน,อัพรูปอารมณ์เหงาๆที่มาพร้อมฝน share แล้วติด hashtag #fanster รับเลย 150 coins,แชร์รูปอารมณ์เหงาที่มาพร้อมฝน~,150,150,,1494388191860,1,0,0,0,2017-07-12 12:00:00,2017-07-19 12:00:00
1500007207353,ดู MV ใหม่ของ Earth แล้วมาตอบ Quiz กัน,ทุกเที่ยงวันมาเล่นกันนะ 10 คนแรกที่ตอบถูกและไว รับโบนัสพิเศษไปเลย 100 coins และ 100 XPs,ทุกเที่ยงวันมาเล่นกันนะ 10 คนแรกที่ตอบถูกและไว,50,50,,1494388191860,1,10,100,100,2017-07-17 12:00:00,2017-07-18 12:00:00
1500261355071,ได้ยินแล้วตอบด้วย,ทุกเที่ยงวันมาเล่นกันนะ :),ได้ยินไหมนะ? ถ้าได้ยินแล้วตอบด้วย :),50,0,,1494388191860,1,0,0,0,2017-07-18 12:00:00,2017-07-19 11:59:00
1500352983125,ได้ยินแล้วตอบด้วย,เพลงอะไรกันคะคุณ ได้ยินแล้วช่วยตอบหน่อย ถ้าฟังแล้วไม่รู้ก็บอกให้เพื่อนมาโหลดแล้วมาเล่นเกมช่วยเราตอบกันหน่อยนะ,ตั้งใจฟังดีๆอิอิ รู้มั้ยเพลงอะไรใครร้อง มันก็จะงงๆหน่อย,100,0,,1494388191860,1,0,0,0,2017-07-22 12:00:00,2017-07-23 11:59:00
1500453907591,คนอวดรูป ตอน เหงาๆ,อัพรูปอารมณ์เหงาๆ แบบใน MV เหงาๆ ของ Ink รับเลย 150 coins,เหงาๆ ก็มาถ่ายรูปแก้เหงากันเถอะ,150,150,,1494388191860,1,0,0,0,2017-07-20 12:00:00,2017-07-27 11:59:00
1500544367558,ได้ยินแล้วตอบด้วย,ตั้งใจฟังให้ดีนะ เราใบ้ไปแล้ว อิอิ,ชื่อเพลงอะไรนะ...ใบ้นิดๆเพลงนี้มีแค่พยางค์เดียว,50,0,,1494388191860,1,0,0,0,2017-07-25 12:00:00,2017-07-26 11:59:00
1498934461970,คนอวดของจากแฟน(สเตอร์),มาอวดกันว่าใครได้อะไรจากงาน #CatFoodival บ้าง :),ถ่ายรูปของรางวัลที่ได้มาจาก FanSter แล้ว share & ใส่ hashtag #FanSter รับเลย 500 coins + 500 xp   ด่วน! 500 คนเท่านั้น ช้าหมด อดได้ coin และ xp นะ :),500,500,,1494388191860,1,0,0,0,2017-07-02 08:00:00,2017-07-18 23:00:00
1500363939181,ฟังวนไปค่ะ - New New,ฟัง 4 เพลงใหม่จาก Earth MEAN Rooftop และ Tattoo colour,New แค่ไหน? ต้องเข้ามาดูแล้วล่ะ :),100,100,1498472223284,1494388191860,4,0,0,0,2017-07-18 12:00:00,2017-07-25 11:59:00
